variant_id,source,build,gene,transcript,chromosome,genomic_pos,coding_pos,ref_nt,alt_nt,protein_pos,ref_aa,alt_aa
0,clinvar,GRCh38,ZNF592,NM_014630.3,15,84799209,3136,G,A,1046,Gly,Arg
1,clinvar,GRCh38,FOXRED1,NM_017547.4,11,126275389,694,C,T,232,Gln,Ter
2,clinvar,GRCh38,FOXRED1,NM_017547.4,11,126277517,1289,A,G,430,Asn,Ser
3,clinvar,GRCh38,NUBPL,NM_025152.3,14,31562125,166,G,A,56,Gly,Arg
4,clinvar,GRCh38,HFE,NM_000410.4,6,26092913,845,G,A,282,Cys,Tyr
5,clinvar,GRCh38,HFE,NM_000410.4,6,26090951,187,C,G,63,His,Asp
6,clinvar,GRCh38,HFE,NM_000410.4,6,26090957,193,A,T,65,Ser,Cys
7,clinvar,GRCh38,HFE,NM_000410.4,6,26091078,314,T,C,105,Ile,Thr
8,clinvar,GRCh38,HFE,NM_000410.4,6,26091041,277,G,C,93,Gly,Arg
9,clinvar,GRCh38,HFE,NM_000410.4,6,26093008,892+48,G,A,NA,NA,NA
10,clinvar,GRCh38,HFE,NM_000410.4,6,26090921,157,G,A,53,Val,Met
11,clinvar,GRCh38,HFE,NM_000410.4,6,26090939,175,G,A,59,Val,Met
12,clinvar,GRCh38,HFE,NM_000410.4,6,26091354,381,A,C,127,Gln,His
13,clinvar,GRCh38,HFE,NM_000410.4,6,26093215,989,G,T,330,Arg,Met
14,clinvar,GRCh38,HFE,NM_000410.4,6,26092916,848,A,C,283,Gln,Pro
15,clinvar,GRCh38,WDR35,NM_020779.4,2,19989284,25-2,A,G,NA,NA,NA
16,clinvar,GRCh38,WDR35,NM_020779.4,2,19945787,1844,A,G,615,Glu,Gly
17,clinvar,GRCh38,WDR35,NM_020779.4,2,19933469,2590,G,A,864,Ala,Thr
18,clinvar,GRCh38,ABHD12,NM_001042472.3,20,25302322,1054,C,T,352,Arg,Ter
19,clinvar,GRCh38,ZNF513,NM_144631.6,2,27378156,1015,T,C,339,Cys,Arg
20,clinvar,GRCh38,HOGA1,NM_138413.4,10,97611535,860,G,T,287,Gly,Val
21,clinvar,GRCh38,HOGA1,NM_138413.4,10,97598852,289,C,T,97,Arg,Cys
22,clinvar,GRCh38,HOGA1,NM_138413.4,10,97600167,700+4,G,T,NA,NA,NA
23,clinvar,GRCh38,HOGA1,NM_138413.4,10,97584912,209,G,C,70,Arg,Pro
24,clinvar,GRCh38,HOGA1,NM_138413.4,10,97601925,769,T,G,257,Cys,Gly
25,clinvar,GRCh38,FAM161A,NM_001201543.2,2,61840319,685,C,T,229,Arg,Ter
26,clinvar,GRCh38,FAM161A,NM_001201543.2,2,61839695,1309,A,T,437,Arg,Ter
27,clinvar,GRCh38,FAM161A,NM_001201543.2,2,61839437,1567,C,T,523,Arg,Ter
28,clinvar,GRCh38,FAM161A,NM_001201543.2,2,61836075,1786,C,T,596,Arg,Ter
29,clinvar,GRCh38,WDR62,NM_001083961.2,19,36084678,1576,G,A,526,Glu,Lys
30,clinvar,GRCh38,WDR62,NM_001083961.2,19,36067415,671,G,C,224,Trp,Ser
31,clinvar,GRCh38,WDR62,NM_001083961.2,19,36083099,1408,C,T,470,Gln,Ter
32,clinvar,GRCh38,WDPCP,NM_015910.7,2,63492941,76-1,G,T,NA,NA,NA
33,clinvar,GRCh38,WDPCP,NM_015910.7,2,63437430,624,G,C,208,Leu,Phe
34,clinvar,GRCh38,WDPCP,NM_015910.7,2,63487491,164,G,A,55,Arg,Lys
35,clinvar,GRCh38,TBC1D24,NM_001199107.2,16,2496587,439,G,C,147,Asp,His
36,clinvar,GRCh38,TBC1D24,NM_001199107.2,16,2500822,1544,C,T,515,Ala,Val
37,clinvar,GRCh38,TBC1D24,NM_001199107.2,16,2496899,751,T,C,251,Phe,Leu
38,clinvar,GRCh38,XPNPEP3,NM_022098.4,22,40924482,1357,G,T,453,Gly,Cys
39,clinvar,GRCh38,CEP152,NM_001194998.2,15,48793359,794,A,C,265,Gln,Pro
40,clinvar,GRCh38,CEP152,NM_001194998.2,15,48756289,2959,C,T,987,Arg,Ter
41,clinvar,GRCh38,SDCCAG8,NM_006642.5,1,243305133,740+356,C,T,NA,NA,NA
42,clinvar,GRCh38,SDCCAG8,NM_006642.5,1,243304716,679,A,T,227,Lys,Ter
43,clinvar,GRCh38,OPN1SW,NM_001708.2,7,128775556,235,G,A,79,Gly,Arg
44,clinvar,GRCh38,OPN1SW,NM_001708.2,7,128774545,640,T,C,214,Ser,Pro
45,clinvar,GRCh38,OPN1SW,NM_001708.2,7,128773786,790,C,T,264,Pro,Ser
46,clinvar,GRCh38,UROD,NM_000374.5,1,45014803,842,G,T,281,Gly,Val
47,clinvar,GRCh38,UROD,NM_000374.5,1,45014803,842,G,A,281,Gly,Glu
48,clinvar,GRCh38,UROD,NM_000374.5,1,45014071,636+1,G,C,NA,NA,NA
49,clinvar,GRCh38,UROD,NM_000374.5,1,45013933,499,G,A,167,Glu,Lys
50,clinvar,GRCh38,UROD,NM_000374.5,1,45014835,874,C,G,292,Arg,Gly
51,clinvar,GRCh38,UROD,NM_000374.5,1,45013187,185,C,T,62,Pro,Leu
52,clinvar,GRCh38,UROD,NM_000374.5,1,45014996,932,A,G,311,Tyr,Cys
53,clinvar,GRCh38,UROD,NM_000374.5,1,45015006,942,G,A,314,Glu,=
54,clinvar,GRCh38,UROD,NM_000374.5,1,45013928,494,T,G,165,Met,Arg
55,clinvar,GRCh38,UROD,NM_000374.5,1,45014017,583,C,T,195,Leu,Phe
56,clinvar,GRCh38,UROD,NM_000374.5,1,45014976,912,C,A,304,Asn,Lys
57,clinvar,GRCh38,UROD,NM_000374.5,1,45015389,995,G,A,332,Arg,His
58,clinvar,GRCh38,LIPA,NM_000235.4,10,89225168,599,T,C,200,Leu,Pro
59,clinvar,GRCh38,LIPA,NM_000235.4,10,89223710,796,G,T,266,Gly,Ter
60,clinvar,GRCh38,LIPA,NM_000235.4,10,89222510,894+1,G,A,NA,NA,NA
61,clinvar,GRCh38,LIPA,NM_000235.4,10,89245776,129,C,G,43,Tyr,Ter
62,clinvar,GRCh38,HPSE2,NM_021828.5,10,98482733,1516,C,T,506,Arg,Ter
63,clinvar,GRCh38,HPSE2,NM_021828.5,10,98490103,1414,C,T,472,Arg,Ter
64,clinvar,GRCh38,HPSE2,NM_021828.5,10,99144391,457,C,T,153,Arg,Ter
65,clinvar,GRCh38,ASAH1,NM_177924.5,8,18061724,665,C,A,222,Thr,Lys
66,clinvar,GRCh38,ASAH1,NM_177924.5,8,18064501,413,A,T,138,Glu,Val
67,clinvar,GRCh38,ASAH1,NM_177924.5,8,18075559,107,A,G,36,Tyr,Cys
68,clinvar,GRCh38,ASAH1,NM_177924.5,8,18059424,958,A,G,320,Asn,Asp
69,clinvar,GRCh38,ASAH1,NM_177924.5,8,18062383,544,C,G,182,Leu,Val
70,clinvar,GRCh38,TCN2,NM_000355.4,22,30615623,776,G,C,259,Arg,Pro
71,clinvar,GRCh38,TCN2,NM_000355.4,22,30613044,427+2,T,G,NA,NA,NA
72,clinvar,GRCh38,TCN2,NM_000355.4,22,30615125,581-176,A,T,NA,NA,NA
73,clinvar,GRCh38,PCARE,NM_001029883.3,2,29073503,759,G,A,253,Trp,Ter
74,clinvar,GRCh38,PCARE,NM_001029883.3,2,29073661,601,A,T,201,Ile,Phe
75,clinvar,GRCh38,PCARE,NM_001029883.3,2,29073706,556,C,T,186,Gln,Ter
76,clinvar,GRCh38,TMEM127,NM_017849.4,2,96254117,410-2,A,C,NA,NA,NA
77,clinvar,GRCh38,TMEM127,NM_017849.4,2,96254050,475,C,T,159,Gln,Ter
78,clinvar,GRCh38,TMEM127,NM_017849.4,2,96254998,245-1,G,T,NA,NA,NA
79,clinvar,GRCh38,VIPAS39,NM_001193315.2,14,77444311,535,C,T,179,Gln,Ter
80,clinvar,GRCh38,VIPAS39,NM_001193315.2,14,77442636,658,C,T,220,Arg,Ter
81,clinvar,GRCh38,VIPAS39,NM_001193315.2,14,77435885,871,C,T,291,Gln,Ter
82,clinvar,GRCh38,VIPAS39,NM_001193315.2,14,77454101,2,T,G,1,Met,Arg
83,clinvar,GRCh38,CBS,NM_000071.3,21,43062988,919,G,A,307,Gly,Ser
84,clinvar,GRCh38,CBS,NM_000071.3,21,43066260,434,C,T,145,Pro,Leu
85,clinvar,GRCh38,CBS,NM_000071.3,21,43066353,341,C,T,114,Ala,Val
86,clinvar,GRCh38,CBS,NM_000071.3,21,43063074,833,T,C,278,Ile,Thr
87,clinvar,GRCh38,CBS,NM_000071.3,21,43066279,415,G,A,139,Gly,Arg
88,clinvar,GRCh38,CBS,NM_000071.3,21,43066264,430,G,A,144,Glu,Lys
89,clinvar,GRCh38,CBS,NM_000071.3,21,43059299,1150,A,G,384,Lys,Glu
90,clinvar,GRCh38,CBS,NM_000071.3,21,43053920,1616,T,C,539,Leu,Ser
91,clinvar,GRCh38,CBS,NM_000071.3,21,43063931,797,G,A,266,Arg,Lys
92,clinvar,GRCh38,CBS,NM_000071.3,21,43058862,1330,G,A,444,Asp,Asn
93,clinvar,GRCh38,CBS,NM_000071.3,21,43065645,502,G,A,168,Val,Met
94,clinvar,GRCh38,CBS,NM_000071.3,21,43058970,1224-2,A,C,NA,NA,NA
95,clinvar,GRCh38,CBS,NM_000071.3,21,43058927,1265,C,T,422,Pro,Leu
96,clinvar,GRCh38,CBS,NM_000071.3,21,43058215,1397,C,T,466,Ser,Leu
97,clinvar,GRCh38,CBS,NM_000071.3,21,43060528,1058,C,T,353,Thr,Met
98,clinvar,GRCh38,CBS,NM_000071.3,21,43065481,572,C,T,191,Thr,Met
99,clinvar,GRCh38,TPRN,NM_001128228.3,9,137199473,1239,G,A,413,Trp,Ter
100,clinvar,GRCh38,SLC52A3,NM_033409.4,20,765564,211,G,T,71,Glu,Ter
101,clinvar,GRCh38,SLC52A3,NM_033409.4,20,765381,394,C,T,132,Arg,Trp
102,clinvar,GRCh38,SLC52A3,NM_033409.4,20,763901,670,T,C,224,Phe,Leu
103,clinvar,GRCh38,SLC52A3,NM_033409.4,20,765669,106,G,A,36,Glu,Lys
104,clinvar,GRCh38,SLC52A3,NM_033409.4,20,761198,1238,T,C,413,Val,Ala
105,clinvar,GRCh38,SLC52A3,NM_033409.4,20,765693,82,C,A,28,Pro,Thr
106,clinvar,GRCh38,OAT,NM_000274.4,10,124412169,3,G,A,1,Met,Ile
107,clinvar,GRCh38,OAT,NM_000274.4,10,124398076,1186,C,T,396,Arg,Ter
108,clinvar,GRCh38,OAT,NM_000274.4,10,124412009,163,T,C,55,Tyr,His
109,clinvar,GRCh38,OAT,NM_000274.4,10,124408887,278,G,T,93,Cys,Phe
110,clinvar,GRCh38,OAT,NM_000274.4,10,124408601,461,G,T,154,Arg,Leu
111,clinvar,GRCh38,OAT,NM_000274.4,10,124405545,539,G,C,180,Arg,Thr
112,clinvar,GRCh38,OAT,NM_000274.4,10,124403019,808,G,C,270,Ala,Pro
113,clinvar,GRCh38,OAT,NM_000274.4,10,124403015,812,G,A,271,Arg,Lys
114,clinvar,GRCh38,OAT,NM_000274.4,10,124398057,1205,T,C,402,Leu,Pro
115,clinvar,GRCh38,OAT,NM_000274.4,10,124398012,1250,C,T,417,Pro,Leu
116,clinvar,GRCh38,OAT,NM_000274.4,10,124397951,1311,G,C,437,Leu,Phe
117,clinvar,GRCh38,OAT,NM_000274.4,10,124400875,1124,G,C,375,Gly,Ala
118,clinvar,GRCh38,OAT,NM_000274.4,10,124403835,734,A,G,245,Tyr,Cys
119,clinvar,GRCh38,OAT,NM_000274.4,10,124400865,1134,C,T,378,Asn,=
120,clinvar,GRCh38,OAT,NM_000274.4,10,124401746,994,G,A,332,Val,Met
121,clinvar,GRCh38,OAT,NM_000274.4,10,124412010,162,C,A,54,Asn,Lys
122,clinvar,GRCh38,OAT,NM_000274.4,10,124401785,955,C,T,319,His,Tyr
123,clinvar,GRCh38,OAT,NM_000274.4,10,124405534,550,G,A,184,Ala,Thr
124,clinvar,GRCh38,OAT,NM_000274.4,10,124403847,722,C,T,241,Pro,Leu
125,clinvar,GRCh38,OAT,NM_000274.4,10,124403820,749,G,C,250,Arg,Pro
126,clinvar,GRCh38,OAT,NM_000274.4,10,124400941,1058,G,A,353,Gly,Asp
127,clinvar,GRCh38,OAT,NM_000274.4,10,124398090,1172,G,A,391,Trp,Ter
128,clinvar,GRCh38,OAT,NM_000274.4,10,124398082,1180,T,C,394,Cys,Arg
129,clinvar,GRCh38,OAT,NM_000274.4,10,124398061,1201,G,T,401,Gly,Ter
130,clinvar,GRCh38,OAT,NM_000274.4,10,124405457,627,T,A,209,Tyr,Ter
131,clinvar,GRCh38,OAT,NM_000274.4,10,124402930,897,C,G,299,Tyr,Ter
132,clinvar,GRCh38,OAT,NM_000274.4,10,124397986,1276,C,T,426,Arg,Ter
133,clinvar,GRCh38,OAT,NM_000274.4,10,124405551,533,G,A,178,Trp,Ter
134,clinvar,GRCh38,OAT,NM_000274.4,10,124403003,824,G,A,275,Trp,Ter
135,clinvar,GRCh38,OAT,NM_000274.4,10,124403892,677,C,T,226,Ala,Val
136,clinvar,GRCh38,OAT,NM_000274.4,10,124408897,268,C,G,90,Gln,Glu
137,clinvar,GRCh38,OAT,NM_000274.4,10,124405488,596,C,A,199,Pro,Gln
138,clinvar,GRCh38,DPYS,NM_001385.3,8,104428071,1001,A,G,334,Gln,Arg
139,clinvar,GRCh38,DPYS,NM_001385.3,8,104392924,1303,G,A,435,Gly,Arg
140,clinvar,GRCh38,DPYS,NM_001385.3,8,104427994,1078,T,C,360,Trp,Arg
141,clinvar,GRCh38,DPYS,NM_001385.3,8,104424247,1235,G,T,412,Arg,Met
142,clinvar,GRCh38,SH3PXD2B,NM_001017995.3,5,172422445,127,C,T,43,Arg,Trp
143,clinvar,GRCh38,SH3PXD2B,NM_001017995.3,5,172422498,76-2,A,C,NA,NA,NA
144,clinvar,GRCh38,GRXCR1,NM_001080476.3,4,43020345,628-9,C,A,NA,NA,NA
145,clinvar,GRCh38,GRXCR1,NM_001080476.3,4,42963153,627+19,A,T,NA,NA,NA
146,clinvar,GRCh38,GRXCR1,NM_001080476.3,4,42893495,229,C,T,77,Gln,Ter
147,clinvar,GRCh38,GRXCR1,NM_001080476.3,4,42962919,412,C,T,138,Arg,Cys
148,clinvar,GRCh38,TMEM216,NM_001173990.3,11,61393965,218,G,T,73,Arg,Leu
149,clinvar,GRCh38,TMEM216,NM_001173990.3,11,61393965,218,G,A,73,Arg,His
150,clinvar,GRCh38,TMEM216,NM_001173990.3,11,61397885,341,T,G,114,Leu,Arg
151,clinvar,GRCh38,TMEM216,NM_001173990.3,11,61397774,230,G,C,77,Gly,Ala
152,clinvar,GRCh38,USB1,NM_024598.4,16,58017332,504-2,A,C,NA,NA,NA
153,clinvar,GRCh38,USB1,NM_024598.4,16,58014325,502,A,G,168,Arg,Gly
154,clinvar,GRCh38,KCNJ18,NM_001194958.2,17,21703847,1061,C,T,354,Thr,Met
155,clinvar,GRCh38,KCNJ18,NM_001194958.2,17,21703400,614,G,A,205,Arg,His
156,clinvar,GRCh38,KCNJ18,NM_001194958.2,17,21703883,1097,A,G,366,Lys,Arg
157,clinvar,GRCh38,PEPD,NM_000285.4,19,33401862,826,G,A,276,Asp,Asn
158,clinvar,GRCh38,PEPD,NM_000285.4,19,33464060,551,G,A,184,Arg,Gln
159,clinvar,GRCh38,PEPD,NM_000285.4,19,33401855,833,G,A,278,Gly,Asp
160,clinvar,GRCh38,PEPD,NM_000285.4,19,33387892,1342,G,A,448,Gly,Arg
161,clinvar,GRCh38,PEPD,NM_000285.4,19,33411697,793,C,T,265,Arg,Ter
162,clinvar,GRCh38,PEPD,NM_000285.4,19,33388000,1234,G,A,412,Glu,Lys
163,clinvar,GRCh38,PEPD,NM_000285.4,19,33464006,605,C,T,202,Ser,Phe
164,clinvar,GRCh38,AGA,NM_000027.4,4,177438764,488,G,C,163,Cys,Ser
165,clinvar,GRCh38,AGA,NM_000027.4,4,177433250,904,G,A,302,Gly,Arg
166,clinvar,GRCh38,AGA,NM_000027.4,4,177433238,916,T,C,306,Cys,Arg
167,clinvar,GRCh38,AGA,NM_000027.4,4,177440375,179,G,A,60,Gly,Asp
168,clinvar,GRCh38,AGA,NM_000027.4,4,177439668,302,C,T,101,Ala,Val
169,clinvar,GRCh38,AGA,NM_000027.4,4,177433213,940+1,G,T,NA,NA,NA
170,clinvar,GRCh38,AGA,NM_000027.4,4,177440340,214,T,C,72,Ser,Pro
171,clinvar,GRCh38,CYB5A,NM_148923.4,18,74263479,130-2,A,G,NA,NA,NA
172,clinvar,GRCh38,WDR72,NM_182758.4,15,53615858,2348,C,G,783,Ser,Ter
173,clinvar,GRCh38,WDR72,NM_182758.4,15,53609531,2934,G,A,978,Trp,Ter
174,clinvar,GRCh38,CYB5R3,NM_000398.7,22,42628233,382,T,C,128,Ser,Pro
175,clinvar,GRCh38,CYB5R3,NM_000398.7,22,42631431,173,G,A,58,Arg,Gln
176,clinvar,GRCh38,CYB5R3,NM_000398.7,22,42628169,446,T,C,149,Leu,Pro
177,clinvar,GRCh38,CYB5R3,NM_000398.7,22,42630899,316,G,A,106,Val,Met
178,clinvar,GRCh38,CYB5R3,NM_000398.7,22,42619946,734-1,G,T,NA,NA,NA
179,clinvar,GRCh38,CYB5R3,NM_000398.7,22,42628144,463+8,G,C,NA,NA,NA
180,clinvar,GRCh38,CYB5R3,NM_000398.7,22,42623867,655,C,T,219,Arg,Ter
181,clinvar,GRCh38,CYB5R3,NM_000398.7,22,42627327,610,T,C,204,Cys,Arg
182,clinvar,GRCh38,CYB5R3,NM_000398.7,22,42628265,350,C,G,117,Thr,Ser
183,clinvar,GRCh38,CYB5R3,NM_000398.7,22,42627690,464-2,A,C,NA,NA,NA
184,clinvar,GRCh38,CYB5R3,NM_000398.7,22,42631386,218,T,C,73,Leu,Pro
185,clinvar,GRCh38,CYB5R3,NM_000398.7,22,42630986,229,C,T,77,Gln,Ter
186,clinvar,GRCh38,CYB5R3,NM_000398.7,22,42627674,478,C,T,160,Arg,Ter
187,clinvar,GRCh38,CYB5R3,NM_000398.7,22,42627326,611,G,A,204,Cys,Tyr
188,clinvar,GRCh38,CYB5R3,NM_000398.7,22,42619804,875,G,A,292,Gly,Asp
189,clinvar,GRCh38,CYB5R3,NM_000398.7,22,42623803,719,A,G,240,Asp,Gly
190,clinvar,GRCh38,XPC,NM_004628.5,3,14158882,1001,C,A,334,Pro,His
191,clinvar,GRCh38,XPC,NM_004628.5,3,14156333,2033+2,T,G,NA,NA,NA
192,clinvar,GRCh38,XPC,NM_004628.5,3,14158148,1735,C,T,579,Arg,Ter
193,clinvar,GRCh38,XPC,NM_004628.5,3,14168389,413-9,T,A,NA,NA,NA
194,clinvar,GRCh38,XPC,NM_004628.5,3,14168404,413-24,A,G,NA,NA,NA
195,clinvar,GRCh38,DNAAF1,NM_178452.6,16,84159744,811,C,T,271,Arg,Ter
196,clinvar,GRCh38,DNAAF1,NM_178452.6,16,84159725,792,C,A,264,Tyr,Ter
197,clinvar,GRCh38,DNAAF1,NM_178452.6,16,84154748,524,T,G,175,Leu,Arg
198,clinvar,GRCh38,RBM20,NM_001134363.3,10,110812310,1913,C,T,638,Pro,Leu
199,clinvar,GRCh38,RBM20,NM_001134363.3,10,110812298,1901,G,A,634,Arg,Gln
200,clinvar,GRCh38,RBM20,NM_001134363.3,10,110812303,1906,C,A,636,Arg,Ser
201,clinvar,GRCh38,RBM20,NM_001134363.3,10,110812304,1907,G,A,636,Arg,His
202,clinvar,GRCh38,RBM20,NM_001134363.3,10,110812306,1909,A,G,637,Ser,Gly
203,clinvar,GRCh38,KLHDC8B,NM_173546.3,3,49171662,-158,C,T,NA,NA,NA
204,clinvar,GRCh38,SERPINF2,NM_000934.4,17,1754289,1231,G,A,411,Val,Met
205,clinvar,GRCh38,CANT1,NM_001159773.2,17,78993858,898,C,T,300,Arg,Cys
206,clinvar,GRCh38,CANT1,NM_001159773.2,17,78993857,899,G,A,300,Arg,His
207,clinvar,GRCh38,CANT1,NM_001159773.2,17,78997249,374,G,A,125,Trp,Ter
208,clinvar,GRCh38,CANT1,NM_001159773.2,17,78993860,896,C,T,299,Pro,Leu
209,clinvar,GRCh38,VWF,NM_000552.5,12,6018535,4883,T,C,1628,Ile,Thr
210,clinvar,GRCh38,VWF,NM_000552.5,12,6018629,4789,C,T,1597,Arg,Trp
211,clinvar,GRCh38,VWF,NM_000552.5,12,6018598,4820,T,A,1607,Val,Asp
212,clinvar,GRCh38,VWF,NM_000552.5,12,6019479,3939,G,C,1313,Trp,Cys
213,clinvar,GRCh38,VWF,NM_000552.5,12,6019502,3916,C,T,1306,Arg,Trp
214,clinvar,GRCh38,VWF,NM_000552.5,12,6019496,3922,C,T,1308,Arg,Cys
215,clinvar,GRCh38,VWF,NM_000552.5,12,6019472,3946,G,A,1316,Val,Met
216,clinvar,GRCh38,VWF,NM_000552.5,12,6019396,4022,G,A,1341,Arg,Gln
217,clinvar,GRCh38,VWF,NM_000552.5,12,6018581,4837,T,C,1613,Ser,Pro
218,clinvar,GRCh38,VWF,NM_000552.5,12,6019222,4196,G,A,1399,Arg,His
219,clinvar,GRCh38,VWF,NM_000552.5,12,6044361,2372,C,T,791,Thr,Met
220,clinvar,GRCh38,VWF,NM_000552.5,12,6036488,2446,C,T,816,Arg,Trp
221,clinvar,GRCh38,VWF,NM_000552.5,12,6034812,2561,G,A,854,Arg,Gln
222,clinvar,GRCh38,VWF,NM_000552.5,12,6018443,4975,C,T,1659,Arg,Ter
223,clinvar,GRCh38,VWF,NM_000552.5,12,6013544,5557,C,T,1853,Arg,Ter
224,clinvar,GRCh38,VWF,NM_000552.5,12,5969337,7603,C,T,2535,Arg,Ter
225,clinvar,GRCh38,VWF,NM_000552.5,12,6019448,3970,G,A,1324,Gly,Ser
226,clinvar,GRCh38,VWF,NM_000552.5,12,6019604,3814,T,C,1272,Cys,Arg
227,clinvar,GRCh38,VWF,NM_000552.5,12,6019478,3940,G,C,1314,Val,Leu
228,clinvar,GRCh38,VWF,NM_000552.5,12,6018877,4541,T,G,1514,Phe,Cys
229,clinvar,GRCh38,VWF,NM_000552.5,12,6057930,1648,G,A,550,Gly,Arg
230,clinvar,GRCh38,VWF,NM_000552.5,12,5949140,8317,T,C,2773,Cys,Arg
231,clinvar,GRCh38,VWF,NM_000552.5,12,6021960,3614,G,A,1205,Arg,His
232,clinvar,GRCh38,VWF,NM_000552.5,12,6022833,3445,T,C,1149,Cys,Arg
233,clinvar,GRCh38,VWF,NM_000552.5,12,6018667,4751,A,G,1584,Tyr,Cys
234,clinvar,GRCh38,VWF,NM_000552.5,12,6019564,3854,C,T,1285,Ser,Phe
235,clinvar,GRCh38,VWF,NM_000552.5,12,6044349,2384,A,G,795,Tyr,Cys
236,clinvar,GRCh38,VWF,NM_000552.5,12,6044322,2411,G,T,804,Cys,Phe
237,clinvar,GRCh38,VWF,NM_000552.5,12,6019621,3797,C,T,1266,Pro,Leu
238,clinvar,GRCh38,VWF,NM_000552.5,12,5981988,7085,G,T,2362,Cys,Phe
239,clinvar,GRCh38,VWF,NM_000552.5,12,6072369,1071,C,A,357,Tyr,Ter
240,clinvar,GRCh38,VWF,NM_000552.5,12,6025624,3178,T,C,1060,Cys,Arg
241,clinvar,GRCh38,VWF,NM_000552.5,12,6057995,1583,A,G,528,Asn,Ser
242,clinvar,GRCh38,TSPAN12,NM_012338.4,7,120788801,709,G,C,237,Ala,Pro
243,clinvar,GRCh38,TSPAN12,NM_012338.4,7,120806599,562,G,C,188,Gly,Arg
244,clinvar,GRCh38,TSPAN12,NM_012338.4,7,120810512,419,T,A,140,Leu,Ter
245,clinvar,GRCh38,TSPAN12,NM_012338.4,7,120815787,302,T,A,101,Leu,His
246,clinvar,GRCh38,NEXN,NM_144573.4,1,77942756,1955,A,G,652,Tyr,Cys
247,clinvar,GRCh38,NEXN,NM_144573.4,1,77942632,1831,C,A,611,Pro,Thr
248,clinvar,GRCh38,RETREG1,NM_001034850.3,5,16477736,926,C,G,309,Ser,Ter
249,clinvar,GRCh38,RETREG1,NM_001034850.3,5,16565788,433,C,T,145,Gln,Ter
250,clinvar,GRCh38,NF1,NM_001042492.3,17,31334883,5858,T,C,1953,Leu,Pro
251,clinvar,GRCh38,NF1,NM_001042492.3,17,31334933,5908,A,T,1970,Arg,Ter
252,clinvar,GRCh38,NF1,NM_001042492.3,17,31258500,4330,A,G,1444,Lys,Glu
253,clinvar,GRCh38,NF1,NM_001042492.3,17,31337430,6490,C,A,2164,Leu,Met
254,clinvar,GRCh38,NF1,NM_001042492.3,17,31337514,6574,T,A,2192,Tyr,Asn
255,clinvar,GRCh38,NF1,NM_001042492.3,17,31334927,5902,C,T,1968,Arg,Ter
256,clinvar,GRCh38,NF1,NM_001042492.3,17,31249093,4084,C,T,1362,Arg,Ter
257,clinvar,GRCh38,NF1,NM_001042492.3,17,31230383,3113+1,G,A,NA,NA,NA
258,clinvar,GRCh38,NF1,NM_001042492.3,17,31230373,3104,T,G,1035,Met,Arg
259,clinvar,GRCh38,NF1,NM_001042492.3,17,31258406,4236,A,T,1412,Arg,Ser
260,clinvar,GRCh38,NF1,NM_001042492.3,17,31261810,4677,G,A,1559,Trp,Ter
261,clinvar,GRCh38,NF1,NM_001042492.3,17,31221842,1642-8,A,G,NA,NA,NA
262,clinvar,GRCh38,NF1,NM_001042492.3,17,31235729,3827,G,C,1276,Arg,Pro
263,clinvar,GRCh38,NF1,NM_001042492.3,17,31214524,1466,A,G,489,Tyr,Cys
264,clinvar,GRCh38,NF1,NM_001042492.3,17,31214581,1523,T,C,508,Leu,Pro
265,clinvar,GRCh38,NF1,NM_001042492.3,17,31201486,1260+1,G,A,NA,NA,NA
266,clinvar,GRCh38,NF1,NM_001042492.3,17,31249030,4021,C,T,1341,Gln,Ter
267,clinvar,GRCh38,NF1,NM_001042492.3,17,31336750,6263,T,C,2088,Leu,Pro
268,clinvar,GRCh38,NF1,NM_001042492.3,17,31336328,6007-5,A,G,NA,NA,NA
269,clinvar,GRCh38,NF1,NM_001042492.3,17,31235623,3721,C,T,1241,Arg,Ter
270,clinvar,GRCh38,NF1,NM_001042492.3,17,31201044,1070,T,C,357,Leu,Pro
271,clinvar,GRCh38,NF1,NM_001042492.3,17,31343138,7189+3,A,C,NA,NA,NA
272,clinvar,GRCh38,NF1,NM_001042492.3,17,31235630,3728,T,C,1243,Leu,Pro
273,clinvar,GRCh38,NF1,NM_001042492.3,17,31330459,5773,G,T,1925,Glu,Ter
274,clinvar,GRCh38,NF1,NM_001042492.3,17,31229146,2531,T,G,844,Leu,Arg
275,clinvar,GRCh38,NF1,NM_001042492.3,17,31261858,4724+1,G,C,NA,NA,NA
276,clinvar,GRCh38,CTSA,NM_000308.4,20,45898068,1318,T,G,440,Phe,Val
277,clinvar,GRCh38,CTSA,NM_000308.4,20,45893314,692+3,A,G,NA,NA,NA
278,clinvar,GRCh38,CTSA,NM_000308.4,20,45891714,146,A,G,49,Gln,Arg
279,clinvar,GRCh38,CTSA,NM_000308.4,20,45891761,193,T,C,65,Trp,Arg
280,clinvar,GRCh38,CTSA,NM_000308.4,20,45891990,269,C,T,90,Ser,Leu
281,clinvar,GRCh38,CTSA,NM_000308.4,20,45897736,1184,A,G,395,Tyr,Cys
282,clinvar,GRCh38,CTSA,NM_000308.4,20,45894040,745,T,A,249,Tyr,Asn
283,clinvar,GRCh38,CTSA,NM_000308.4,20,45892434,394,G,A,132,Val,Met
284,clinvar,GRCh38,CTSA,NM_001127695.1,20,45894002,707,T,C,236,Leu,Pro
285,clinvar,GRCh38,CTSA,NM_000308.4,20,45898065,1315,G,A,439,Gly,Ser
286,clinvar,GRCh38,CTSA,NM_000308.4,20,45897769,1217,T,C,406,Met,Thr
287,clinvar,GRCh38,CTSA,NM_000308.4,20,45898107,1357,A,G,453,Lys,Glu
288,clinvar,GRCh38,CTSA,NM_000308.4,20,45894081,777+9,C,G,NA,NA,NA
289,clinvar,GRCh38,GM2A,NM_000405.5,5,151266899,412,T,C,138,Cys,Arg
290,clinvar,GRCh38,GM2A,NM_000405.5,5,151267375,506,G,C,169,Arg,Pro
291,clinvar,GRCh38,GM2A,NM_000405.5,5,151259833,160,G,T,54,Glu,Ter
292,clinvar,GRCh38,LOXHD1,NM_001384474.1,18,46572125,2008,C,T,670,Arg,Ter
293,clinvar,GRCh38,INPP5E,NM_019892.6,9,136429731,1879,C,T,627,Gln,Ter
294,clinvar,GRCh38,INPP5E,NM_019892.6,9,136431830,1543,C,T,515,Arg,Trp
295,clinvar,GRCh38,INPP5E,NM_019892.6,9,136430391,1688,G,A,563,Arg,His
296,clinvar,GRCh38,INPP5E,NM_019892.6,9,136432562,1304,G,A,435,Arg,Gln
297,clinvar,GRCh38,INPP5E,NM_019892.6,9,136433182,1132,C,T,378,Arg,Cys
298,clinvar,GRCh38,SDHAF2,NM_017841.4,11,61437820,232,G,A,78,Gly,Arg
299,clinvar,GRCh38,TAT,NM_000353.3,16,71576247,169,C,T,57,Arg,Ter
300,clinvar,GRCh38,TAT,NM_000353.3,16,71572224,668,C,G,223,Ser,Ter
301,clinvar,GRCh38,TAT,NM_000353.3,16,71568260,1249,C,T,417,Arg,Ter
302,clinvar,GRCh38,TAT,NM_000353.3,16,71569894,1085,G,T,362,Gly,Val
303,clinvar,GRCh38,TAT,NM_000353.3,16,71576031,236-5,A,G,NA,NA,NA
304,clinvar,GRCh38,UROC1,NM_144639.3,3,126498141,1348,C,T,450,Arg,Cys
305,clinvar,GRCh38,UROC1,NM_144639.3,3,126510712,209,T,C,70,Leu,Pro
306,clinvar,GRCh38,TMEM126A,NM_032273.4,11,85654139,163,C,T,55,Arg,Ter
307,clinvar,GRCh38,RNASET2,NM_003730.6,6,166931061,550,T,C,184,Cys,Arg
308,clinvar,GRCh38,RNASET2,NM_003730.6,6,166943091,262-2,A,G,NA,NA,NA
309,clinvar,GRCh38,RNASET2,NM_003730.6,6,166931044,567,G,A,189,Gln,=
310,clinvar,GRCh38,PGAM2,NM_000290.4,7,44065297,233,G,A,78,Trp,Ter
311,clinvar,GRCh38,PGAM2,NM_000290.4,7,44065264,266,A,C,89,Glu,Ala
312,clinvar,GRCh38,PGAM2,NM_000290.4,7,44065262,268,C,T,90,Arg,Trp
313,clinvar,GRCh38,PGAM2,NM_000290.4,7,44065240,290,G,A,97,Gly,Asp
314,clinvar,GRCh38,NDUFAF3,NM_199069.2,3,49022497,229,G,C,77,Gly,Arg
315,clinvar,GRCh38,NDUFAF3,NM_199069.2,3,49022903,365,G,C,122,Arg,Pro
316,clinvar,GRCh38,NDUFAF3,NM_199069.2,3,49022146,2,T,C,1,Met,Thr
317,clinvar,GRCh38,TUBB1,NM_030773.4,20,59024379,952,C,T,318,Arg,Trp
318,clinvar,GRCh38,TUBB2B,NM_178012.5,6,3225575,514,T,C,172,Ser,Pro
319,clinvar,GRCh38,TUBB2B,NM_178012.5,6,3225406,683,T,C,228,Leu,Pro
320,clinvar,GRCh38,TUBB2B,NM_178012.5,6,3225296,793,T,C,265,Phe,Leu
321,clinvar,GRCh38,SDHAF1,NM_001042631.3,19,35995443,169,G,C,57,Gly,Arg
322,clinvar,GRCh38,SDHAF1,NM_001042631.3,19,35995438,164,G,C,55,Arg,Pro
323,clinvar,GRCh38,COQ9,NM_020312.4,16,57459583,730,C,T,244,Arg,Ter
324,clinvar,GRCh38,DPYD,NM_000110.4,1,97450058,1905+1,G,A,NA,NA,NA
325,clinvar,GRCh38,DPYD,NM_000110.4,1,97079133,2921,A,T,974,Asp,Val
326,clinvar,GRCh38,DPYD,NM_000110.4,1,97883329,85,T,C,29,Cys,Arg
327,clinvar,GRCh38,DPYD,NM_000110.4,1,97098598,2657,G,A,886,Arg,His
328,clinvar,GRCh38,BCAM,NM_005581.4,19,44812188,230,G,A,77,Arg,His
329,clinvar,GRCh38,BCAM,NM_005581.5,19,44819487,1615,A,G,539,Thr,Ala
330,clinvar,GRCh38,BCAM,NM_005581.5,19,44813527,691,C,T,231,Arg,Ter
331,clinvar,GRCh38,BCAM,NM_005581.5,19,44813547,711,C,A,237,Cys,Ter
332,clinvar,GRCh38,BCAM,NM_005581.5,19,44812319,361,C,T,121,Arg,Ter
333,clinvar,GRCh38,DUOXA2,NM_207581.4,15,45117274,738,C,G,246,Tyr,Ter
334,clinvar,GRCh38,CCBE1,NM_133459.4,18,59480228,223,T,A,75,Cys,Ser
335,clinvar,GRCh38,CCBE1,NM_133459.4,18,59469568,305,G,C,102,Cys,Ser
336,clinvar,GRCh38,CCBE1,NM_133459.4,18,59438119,979,G,C,327,Gly,Arg
337,clinvar,GRCh38,CCBE1,NM_133459.4,18,59466820,472,C,T,158,Arg,Cys
338,clinvar,GRCh38,CCBE1,NM_133459.4,18,59466772,520,T,C,174,Cys,Arg
339,clinvar,GRCh38,CPOX,NM_000097.7,3,98585622,991,C,T,331,Arg,Trp
340,clinvar,GRCh38,CPOX,NM_000097.7,3,98581407,1277,G,A,426,Arg,Gln
341,clinvar,GRCh38,CPOX,NM_000097.7,3,98581474,1210,A,G,404,Lys,Glu
342,clinvar,GRCh38,CPOX,NM_000097.7,3,98588783,883,C,G,295,His,Asp
343,clinvar,GRCh38,CPOX,NM_000097.7,3,98581404,1277+3,A,G,NA,NA,NA
344,clinvar,GRCh38,CPOX,NM_000097.7,3,98593420,85,C,T,29,Gln,Ter
345,clinvar,GRCh38,CPOX,NM_000097.7,3,98580709,1339,C,T,447,Arg,Cys
346,clinvar,GRCh38,CPOX,NM_000097.7,3,98591089,623,C,T,208,Ser,Phe
347,clinvar,GRCh38,CPOX,NM_000097.7,3,98585631,982,C,T,328,Arg,Cys
348,clinvar,GRCh38,CPOX,NM_000097.7,3,98588831,835,G,C,279,Gly,Arg
349,clinvar,GRCh38,ALDOB,NM_000035.4,9,101427574,448,G,C,150,Ala,Pro
350,clinvar,GRCh38,ALDOB,NM_000035.4,9,101427498,524,C,A,175,Ala,Asp
351,clinvar,GRCh38,ALDOB,NM_000035.4,9,101425532,720,C,A,240,Cys,Ter
352,clinvar,GRCh38,ALDOB,NM_000035.4,9,101421899,1005,C,G,335,Asn,Lys
353,clinvar,GRCh38,ALDOB,NM_000035.4,9,101430878,10,C,T,4,Arg,Ter
354,clinvar,GRCh38,ALDOB,NM_000035.4,9,101429901,178,C,T,60,Arg,Ter
355,clinvar,GRCh38,ALDOB,NM_000035.4,9,101425628,625-1,G,A,NA,NA,NA
356,clinvar,GRCh38,ALDOB,NM_000035.4,9,101427580,442,T,C,148,Trp,Arg
357,clinvar,GRCh38,PTS,NM_000317.3,11,112226517,74,G,A,25,Arg,Gln
358,clinvar,GRCh38,PTS,NM_000317.3,11,112226489,46,C,T,16,Arg,Cys
359,clinvar,GRCh38,PTS,NM_000317.3,11,112228665,155,A,G,52,Asn,Ser
360,clinvar,GRCh38,PTS,NM_000317.3,11,112233178,259,C,T,87,Pro,Ser
361,clinvar,GRCh38,PTS,NM_000317.3,11,112230210,166,G,A,56,Val,Met
362,clinvar,GRCh38,PTS,NM_000317.3,11,112228649,139,A,G,47,Asn,Asp
363,clinvar,GRCh38,PTS,NM_000317.3,11,112233464,347,A,G,116,Asp,Gly
364,clinvar,GRCh38,PTS,NM_000317.3,11,112233205,286,G,A,96,Asp,Asn
365,clinvar,GRCh38,PTS,NM_000317.3,11,112228271,84-323,A,T,NA,NA,NA
366,clinvar,GRCh38,QDPR,NM_000320.3,4,17511987,68,G,A,23,Gly,Asp
367,clinvar,GRCh38,QDPR,NM_000320.3,4,17501833,322,T,G,108,Trp,Gly
368,clinvar,GRCh38,QDPR,NM_000320.3,4,17509363,106,T,C,36,Trp,Arg
369,clinvar,GRCh38,QDPR,NM_000320.3,4,17492769,437-429,A,G,NA,NA,NA
370,clinvar,GRCh38,QDPR,NM_000320.3,4,17492328,449,A,G,150,Tyr,Cys
371,clinvar,GRCh38,QDPR,NM_000320.3,4,17504404,270,G,A,90,Trp,Ter
372,clinvar,GRCh38,RFX6,NM_173560.4,6,116877954,380+2,T,C,NA,NA,NA
373,clinvar,GRCh38,RFX6,NM_173560.4,6,116877784,224-12,A,G,NA,NA,NA
374,clinvar,GRCh38,RFX6,NM_173560.4,6,116895209,672+2,T,G,NA,NA,NA
375,clinvar,GRCh38,RFX6,NM_173560.4,6,116895184,649,T,C,217,Ser,Pro
376,clinvar,GRCh38,RFX6,NM_173560.4,6,116882404,542,G,A,181,Arg,Gln
377,clinvar,GRCh38,RSPH4A,NM_001010892.3,6,116617083,460,C,T,154,Gln,Ter
378,clinvar,GRCh38,RSPH4A,NM_001010892.3,6,116616948,325,C,T,109,Gln,Ter
379,clinvar,GRCh38,RSPH4A,NM_001010892.3,6,116628175,1468,C,T,490,Arg,Ter
380,clinvar,GRCh38,ANK1,NM_000037.4,8,41672445,5005,G,T,1669,Glu,Ter
381,clinvar,GRCh38,ANK1,NM_001142446.2,8,41797646,127-39509,T,C,NA,NA,NA
382,clinvar,GRCh38,ANK1,NM_000037.4,8,41668498,5163,G,A,1721,Trp,Ter
383,clinvar,GRCh38,ANK1,NM_000037.4,8,41661923,5497,C,T,1833,Arg,Ter
384,clinvar,GRCh38,ANK1,NM_001142446.2,8,41797691,127-39554,G,A,NA,NA,NA
385,clinvar,GRCh38,ANK1,NM_000037.4,8,41708992,1801-17,G,A,NA,NA,NA
386,clinvar,GRCh38,FBN2,NM_001999.4,5,128335544,3758,G,A,1253,Cys,Tyr
387,clinvar,GRCh38,FBN2,NM_001999.4,5,128395182,1171,G,A,391,Glu,Lys
388,clinvar,GRCh38,FBN2,NM_001999.4,5,128328823,4346-2,A,T,NA,NA,NA
389,clinvar,GRCh38,FBN2,NM_001999.4,5,128335592,3725-15,A,G,NA,NA,NA
390,clinvar,GRCh38,FBN2,NM_001999.4,5,128334870,3974-26,T,G,NA,NA,NA
391,clinvar,GRCh38,FBN2,NM_001999.4,5,128344385,3343,G,C,1115,Asp,His
392,clinvar,GRCh38,FBN2,NM_001999.4,5,128338980,3425,G,T,1142,Cys,Phe
393,clinvar,GRCh38,FBN2,NM_001999.4,5,128335543,3759,T,G,1253,Cys,Trp
394,clinvar,GRCh38,DNAAF2,NM_018139.3,14,49635127,23,C,A,8,Ser,Ter
395,clinvar,GRCh38,DCAF17,NM_025000.4,2,171480198,1422+5,G,T,NA,NA,NA
396,clinvar,GRCh38,DCAF17,NM_025000.4,2,171473981,1091+6,T,G,NA,NA,NA
397,clinvar,GRCh38,EYS,NM_001142800.2,6,64436244,5857,G,T,1953,Glu,Ter
398,clinvar,GRCh38,EYS,NM_001142800.2,6,63720626,9405,T,A,3135,Tyr,Ter
399,clinvar,GRCh38,TMEM70,NM_017866.6,8,73981153,317-2,A,G,NA,NA,NA
400,clinvar,GRCh38,TOMT,NM_001393500.2,11,72106094,143,G,A,48,Arg,Gln
401,clinvar,GRCh38,TOMT,NM_001393500.2,11,72106165,214,T,C,72,Trp,Arg
402,clinvar,GRCh38,TOMT,NM_001393500.2,11,72106180,229,G,A,77,Glu,Lys
403,clinvar,GRCh38,TOMT,NM_001393500.2,11,72106185,234,C,G,78,Tyr,Ter
404,clinvar,GRCh38,NDUFAF6,NM_152416.4,8,95032093,296,A,G,99,Gln,Arg
405,clinvar,GRCh38,FECH,NM_000140.5,18,57580104,163,G,T,55,Gly,Cys
406,clinvar,GRCh38,FECH,NM_000140.5,18,57559148,801,G,A,267,Met,Ile
407,clinvar,GRCh38,FECH,NM_000140.5,18,57580222,68-23,C,T,NA,NA,NA
408,clinvar,GRCh38,FECH,NM_000140.5,18,57550734,1250,T,C,417,Phe,Ser
409,clinvar,GRCh38,FECH,NM_000140.5,18,57554259,1077+1,G,A,NA,NA,NA
410,clinvar,GRCh38,FECH,NM_000140.5,18,57551312,1137+3,A,G,NA,NA,NA
411,clinvar,GRCh38,FECH,NM_000140.5,18,57551367,1085,T,G,362,Val,Gly
412,clinvar,GRCh38,FECH,NM_000140.5,18,57573244,314+2,T,G,NA,NA,NA
413,clinvar,GRCh38,FECH,NM_000140.5,18,57573240,314+6,A,C,NA,NA,NA
414,clinvar,GRCh38,FECH,NM_000140.5,18,57580062,194+11,A,G,NA,NA,NA
415,clinvar,GRCh38,FECH,NM_000140.5,18,57550760,1224,T,A,408,Asn,Lys
416,clinvar,GRCh38,FECH,NM_000140.5,18,57571588,315-48,T,C,NA,NA,NA
417,clinvar,GRCh38,SLC29A3,NM_018344.6,10,71362459,1279,G,A,427,Gly,Ser
418,clinvar,GRCh38,SLC29A3,NM_018344.6,10,71362510,1330,G,T,444,Glu,Ter
419,clinvar,GRCh38,SLC29A3,NM_018344.6,10,71362489,1309,G,A,437,Gly,Arg
420,clinvar,GRCh38,SLC29A3,NM_018344.6,10,71344255,347,T,G,116,Met,Arg
421,clinvar,GRCh38,SLC29A3,NM_018344.6,10,71362526,1346,C,G,449,Thr,Arg
422,clinvar,GRCh38,NDUFAF5,NM_024120.5,20,13801652,686,T,C,229,Leu,Pro
423,clinvar,GRCh38,NDUFAF5,NM_024120.5,20,13794939,477,A,C,159,Leu,Phe
424,clinvar,GRCh38,KNG1,NM_001102416.3,3,186727258,586,C,T,196,Arg,Ter
425,clinvar,GRCh38,PAH,NM_000277.3,12,102840399,1315+1,G,A,NA,NA,NA
426,clinvar,GRCh38,PAH,NM_000277.3,12,102840493,1222,C,T,408,Arg,Trp
427,clinvar,GRCh38,PAH,NM_000277.3,12,102846932,932,T,C,311,Leu,Pro
428,clinvar,GRCh38,PAH,NM_000277.3,12,102844424,977,G,A,326,Trp,Ter
429,clinvar,GRCh38,PAH,NM_000277.3,12,102852819,838,G,A,280,Glu,Lys
430,clinvar,GRCh38,PAH,NM_000277.3,12,102894756,331,C,T,111,Arg,Ter
431,clinvar,GRCh38,PAH,NM_000277.3,12,102852875,782,G,A,261,Arg,Gln
432,clinvar,GRCh38,PAH,NM_000277.3,12,102894826,261,C,A,87,Ser,Arg
433,clinvar,GRCh38,PAH,NM_000277.3,12,102852903,754,C,T,252,Arg,Trp
434,clinvar,GRCh38,PAH,NM_000277.3,12,102917130,1,A,G,1,Met,Val
435,clinvar,GRCh38,PAH,NM_000277.3,12,102866632,473,G,A,158,Arg,Gln
436,clinvar,GRCh38,PAH,NM_000277.3,12,102852930,727,C,T,243,Arg,Ter
437,clinvar,GRCh38,PAH,NM_000277.3,12,102852815,842,C,T,281,Pro,Leu
438,clinvar,GRCh38,PAH,NM_000277.3,12,102855231,611,A,G,204,Tyr,Cys
439,clinvar,GRCh38,PAH,NM_000277.3,12,102852929,728,G,A,243,Arg,Gln
440,clinvar,GRCh38,PAH,NM_000277.3,12,102840477,1238,G,C,413,Arg,Pro
441,clinvar,GRCh38,PAH,NM_000277.3,12,102840474,1241,A,G,414,Tyr,Cys
442,clinvar,GRCh38,PAH,NM_000277.3,12,102866664,442-1,G,A,NA,NA,NA
443,clinvar,GRCh38,PAH,NM_000277.3,12,102843777,1068,C,G,356,Tyr,Ter
444,clinvar,GRCh38,PAH,NM_000277.3,12,102852843,814,G,T,272,Gly,Ter
445,clinvar,GRCh38,PAH,NM_000277.3,12,102852839,818,C,T,273,Ser,Phe
446,clinvar,GRCh38,PAH,NM_000277.3,12,102852814,842+1,G,A,NA,NA,NA
447,clinvar,GRCh38,PAH,NM_000277.3,12,102852893,764,T,C,255,Leu,Ser
448,clinvar,GRCh38,PAH,NM_000277.3,12,102843648,1197,A,T,399,Val,=
449,clinvar,GRCh38,PAH,NM_000277.3,12,102852881,776,C,T,259,Ala,Val
450,clinvar,GRCh38,PAH,NM_000277.3,12,102852828,829,T,G,277,Tyr,Asp
451,clinvar,GRCh38,PAH,NM_000277.3,12,102912842,117,C,G,39,Phe,Leu
452,clinvar,GRCh38,PAH,NM_000277.3,12,102843790,1066-11,G,A,NA,NA,NA
453,clinvar,GRCh38,PAH,NM_000277.3,12,102912816,143,T,C,48,Leu,Ser
454,clinvar,GRCh38,PAH,NM_000277.3,12,102855180,662,A,G,221,Glu,Gly
455,clinvar,GRCh38,PAH,NM_000277.3,12,102852876,781,C,T,261,Arg,Ter
456,clinvar,GRCh38,PAH,NM_000277.3,12,102840492,1223,G,A,408,Arg,Gln
457,clinvar,GRCh38,PAH,NM_000277.3,12,102851703,896,T,G,299,Phe,Cys
458,clinvar,GRCh38,PAH,NM_000277.3,12,102852813,842+2,T,A,NA,NA,NA
459,clinvar,GRCh38,PAH,NM_000277.3,12,102844356,1045,T,C,349,Ser,Pro
460,clinvar,GRCh38,PAH,NM_000277.3,12,102846899,965,C,G,322,Ala,Gly
461,clinvar,GRCh38,PAH,NM_000277.3,12,102840472,1243,G,A,415,Asp,Asn
462,clinvar,GRCh38,PAH,NM_000277.3,12,102846948,916,A,G,306,Ile,Val
463,clinvar,GRCh38,PAH,NM_000277.3,12,102843683,1162,G,A,388,Val,Met
464,clinvar,GRCh38,PAH,NM_000277.3,12,102852926,731,C,T,244,Pro,Leu
465,clinvar,GRCh38,PAH,NM_000277.3,12,102917128,3,G,A,1,Met,Ile
466,clinvar,GRCh38,PAH,NM_000277.3,12,102843782,1066-3,C,T,NA,NA,NA
467,clinvar,GRCh38,PAH,NM_000277.3,12,102844404,997,C,T,333,Leu,Phe
468,clinvar,GRCh38,PAH,NM_000277.3,12,102843676,1169,A,G,390,Glu,Gly
469,clinvar,GRCh38,PAH,NM_000277.3,12,102843769,1076,C,G,359,Ser,Ter
470,clinvar,GRCh38,PAH,NM_000277.3,12,102894794,293,T,C,98,Leu,Ser
471,clinvar,GRCh38,PAH,NM_000277.3,12,102843706,1139,C,T,380,Thr,Met
472,clinvar,GRCh38,PAH,NM_000277.3,12,102912823,136,G,A,46,Gly,Ser
473,clinvar,GRCh38,PAH,NM_000277.3,12,102912819,140,C,T,47,Ala,Val
474,clinvar,GRCh38,PAH,NM_000277.3,12,102855315,527,G,T,176,Arg,Leu
475,clinvar,GRCh38,PAH,NM_000277.3,12,102852923,734,T,C,245,Val,Ala
476,clinvar,GRCh38,PAH,NM_000277.3,12,102844333,1065+3,A,G,NA,NA,NA
477,clinvar,GRCh38,PAH,NM_000277.3,12,102840495,1220,C,T,407,Pro,Leu
478,clinvar,GRCh38,PAH,NM_000277.3,12,102894893,194,T,C,65,Ile,Thr
479,clinvar,GRCh38,PAH,NM_000277.3,12,102894860,227,A,G,76,Glu,Gly
480,clinvar,GRCh38,CILK1,NM_014920.5,6,53016099,815,G,A,272,Arg,Gln
481,clinvar,GRCh38,FASTKD2,NM_001136193.2,2,206774264,1294,C,T,432,Arg,Ter
482,clinvar,GRCh38,F5,NM_000130.4,1,169549811,1601,G,A,534,Arg,Gln
483,clinvar,GRCh38,F5,NM_000130.5,1,169555300,1000,A,G,334,Arg,Gly
484,clinvar,GRCh38,F5,NM_000130.5,1,169555299,1001,G,C,334,Arg,Thr
485,clinvar,GRCh38,F5,NM_000130.5,1,169560701,439,G,T,147,Glu,Ter
486,clinvar,GRCh38,F5,NM_000130.5,1,169530805,5189,A,G,1730,Tyr,Cys
487,clinvar,GRCh38,F5,NM_000130.5,1,169542689,2401,C,T,801,Gln,Ter
488,clinvar,GRCh38,F5,NM_000130.5,1,169541609,3481,C,T,1161,Arg,Ter
489,clinvar,GRCh38,F5,NM_000130.5,1,169518453,6304,C,T,2102,Arg,Cys
490,clinvar,GRCh38,F5,NM_000130.5,1,169552693,1160,T,C,387,Ile,Thr
491,clinvar,GRCh38,PROC,NM_000312.4,2,127428602,1042,C,T,348,Arg,Ter
492,clinvar,GRCh38,PROC,NM_000312.4,2,127428892,1332,G,C,444,Trp,Cys
493,clinvar,GRCh38,PROC,NM_000312.4,2,127426180,631,C,T,211,Arg,Trp
494,clinvar,GRCh38,PROC,NM_000312.4,2,127428462,902,C,T,301,Ala,Val
495,clinvar,GRCh38,PROC,NM_000312.4,2,127426178,629,C,T,210,Pro,Leu
496,clinvar,GRCh38,PROC,NM_000312.4,2,127428485,925,G,A,309,Ala,Thr
497,clinvar,GRCh38,PROC,NM_000312.4,2,127428587,1027,G,A,343,Gly,Ser
498,clinvar,GRCh38,PROC,NM_000312.4,2,127421397,185,A,C,62,Glu,Ala
499,clinvar,GRCh38,PROC,NM_000312.4,2,127421438,226,G,A,76,Val,Met
